Fold,Model,Train_Positive,Validation_Positive,Accuracy,Precision,Recall,F1,ROC_AUC
1,Logistic Regression,115,50,0.9413919413919414,0.42857142857142855,0.84,0.5675675675675675,0.9648560460652591
1,Random Forest,115,50,0.9423076923076923,0.43010752688172044,0.8,0.5594405594405595,0.9391842610364682
1,Gradient Boosting,115,50,0.9505494505494505,0.47368421052631576,0.72,0.5714285714285714,0.96478886756238
2,Logistic Regression,165,17,0.9642857142857143,0.2608695652173913,0.7058823529411765,0.38095238095238093,0.9614774281805746
2,Random Forest,165,17,0.9542124542124543,0.22950819672131148,0.8235294117647058,0.358974358974359,0.9723392612859098
2,Gradient Boosting,165,17,0.9642857142857143,0.2608695652173913,0.7058823529411765,0.38095238095238093,0.9636114911080711
3,Logistic Regression,182,815,0.9578754578754579,0.9550295857988166,0.9901840490797545,0.9722891566265061,0.9675577506589002
3,Random Forest,182,815,0.9368131868131868,0.9219457013574661,1.0,0.9593878752207181,0.9716418241013488
3,Gradient Boosting,182,815,0.9505494505494505,0.968019680196802,0.9656441717791411,0.9668304668304668,0.9451174946291335
4,Logistic Regression,997,224,0.8965201465201466,0.6907216494845361,0.8973214285714286,0.7805825242718447,0.9587002139565503
4,Random Forest,997,224,0.8543956043956044,0.5931232091690545,0.9241071428571429,0.7225130890052356,0.9444304435483871
4,Gradient Boosting,997,224,0.88003663003663,0.654485049833887,0.8794642857142857,0.7504761904761905,0.9400458772218565
5,Logistic Regression,1221,117,0.9056776556776557,0.5406976744186046,0.7948717948717948,0.643598615916955,0.949419241726934
5,Random Forest,1221,117,0.9065934065934066,0.5376884422110553,0.9145299145299145,0.6772151898734177,0.9654350208196362
5,Gradient Boosting,1221,117,0.9377289377289377,0.6521739130434783,0.8974358974358975,0.7553956834532374,0.9702038132807363
