value,percent_coverage
12.9,100.0
0.0,100.0
0.0,100.0
0.0,75.0
0.0,100.0
0.0,100.0
0.0,100.0
0.0,100.0
0.0,100.0
0.0,100.0
0.0,100.0
0.0,100.0
0.0,100.0
0.0,100.0
0.0,100.0
0.0,100.0
0.0,75.0
0.0,100.0
0.0,100.0
0.0,100.0
0.0,100.0
0.0,100.0
0.0,100.0
0.0,75.0
0.0,100.0
0.0,100.0
0.0,100.0
0.0,100.0
0.0,100.0
0.0,75.0
0.0,100.0
0.0,100.0
0.0,100.0
0.0,100.0
0.0,100.0
0.0,100.0
0.0,100.0
15.5,100.0
20.4,100.0
20.6,75.0
20.6,75.0
20.4,100.0
19.8,100.0
21.0,100.0
20.8,75.0
20.5,75.0
20.8,100.0
21.6,100.0
19.9,100.0
19.8,100.0
19.0,100.0
20.3,100.0
20.6,100.0
19.7,100.0
19.8,100.0
20.8,100.0
21.2,100.0
19.9,100.0
20.5,100.0
20.8,100.0
19.5,100.0
19.2,75.0
20.8,75.0
20.3,100.0
20.9,100.0
20.1,100.0
20.2,75.0
20.8,100.0
19.6,100.0
19.3,100.0
20.2,75.0
17.8,75.0
17.5,75.0
17.2,100.0
16.1,75.0
16.7,75.0
16.7,100.0
16.1,75.0
16.3,75.0
15.9,75.0
16.6,100.0
16.4,100.0
16.2,100.0
16.0,100.0
16.5,100.0
15.9,100.0
16.0,100.0
16.2,100.0
16.3,100.0
16.0,100.0
16.9,100.0
16.0,100.0
16.4,100.0
16.1,75.0
16.5,100.0
16.8,100.0
16.6,100.0
16.1,100.0
17.3,75.0
16.2,100.0
16.1,100.0
16.8,100.0
15.3,100.0
15.9,100.0
16.2,75.0
16.5,100.0
15.9,100.0
16.2,100.0
16.0,100.0
16.3,100.0
15.8,100.0
16.4,100.0
16.5,100.0
16.3,100.0
15.5,100.0
16.2,100.0
16.6,100.0
16.0,100.0
16.8,75.0
15.8,100.0
16.1,75.0
16.9,100.0
15.8,100.0
16.8,100.0
15.3,100.0
15.6,100.0
16.9,100.0
15.6,100.0
16.6,100.0
16.8,100.0
16.9,100.0
17.0,100.0
17.1,100.0
16.4,100.0
16.9,100.0
16.4,100.0
15.6,100.0
16.2,100.0
16.4,100.0
16.0,100.0
16.7,100.0
16.5,100.0
16.9,100.0
17.1,100.0
16.1,100.0
16.5,100.0
16.1,100.0
15.7,100.0
15.4,100.0
16.4,100.0
17.0,75.0
15.2,100.0
16.3,100.0
16.4,100.0
16.8,75.0
16.5,75.0
16.6,100.0
16.5,100.0
15.5,100.0
16.9,100.0
16.3,100.0
15.7,100.0
16.5,100.0
16.3,100.0
16.6,100.0
16.8,100.0
16.7,100.0
16.7,100.0
16.8,100.0
16.7,100.0
16.2,100.0
16.4,100.0
16.1,100.0
15.9,100.0
16.1,75.0
16.3,100.0
15.6,75.0
17.0,100.0
16.0,100.0
16.3,75.0
16.8,75.0
16.3,100.0
15.6,100.0
16.9,100.0
16.2,100.0
16.5,100.0
16.2,75.0
16.8,75.0
16.9,75.0
16.3,75.0
15.7,75.0
15.8,100.0
16.3,100.0
16.7,75.0
16.1,75.0
15.9,100.0
15.8,100.0
15.7,100.0
15.7,100.0
16.7,100.0
15.1,100.0
16.4,100.0
15.5,100.0
16.8,100.0
16.9,100.0
16.4,100.0
16.9,100.0
16.0,100.0
16.2,75.0
16.7,75.0
16.5,100.0
15.9,100.0
15.9,100.0
16.2,100.0
16.2,100.0
15.3,100.0
15.4,100.0
16.2,100.0
15.8,100.0
16.6,100.0
16.6,100.0
15.9,100.0
14.9,100.0
16.0,100.0
16.7,75.0
16.0,100.0
16.2,100.0
16.8,100.0
17.4,100.0
16.0,100.0
15.1,100.0
16.3,100.0
16.6,100.0
16.9,100.0
16.7,100.0
16.8,75.0
15.6,100.0
16.3,100.0
16.4,75.0
15.4,100.0
16.8,100.0
16.8,100.0
16.7,100.0
16.0,100.0
16.0,100.0
15.8,100.0
15.8,100.0
15.9,100.0
11.4,75.0
10.7,100.0
9.52,100.0
10.3,100.0
9.95,100.0
11.1,100.0
10.3,100.0
10.2,100.0
9.6,100.0
10.6,100.0
10.1,100.0
10.1,100.0
11.0,100.0
10.2,100.0
10.4,100.0
10.4,100.0
10.1,100.0
9.86,100.0
10.7,100.0
10.3,100.0
9.92,100.0
10.3,75.0
9.96,100.0
10.2,100.0
9.72,75.0
10.4,100.0
10.2,100.0
10.1,75.0
10.3,100.0
10.6,75.0
10.5,100.0
10.1,100.0
10.3,100.0
10.1,100.0
9.66,100.0
10.4,100.0
10.2,75.0
9.75,100.0
9.54,100.0
9.98,100.0
10.3,100.0
10.5,75.0
10.3,100.0
10.3,100.0
9.74,100.0
10.5,100.0
10.3,100.0
10.4,100.0
10.7,100.0
9.57,100.0
10.0,100.0
10.1,75.0
9.91,100.0
10.8,75.0
10.5,75.0
10.1,100.0
10.4,100.0
9.8,100.0
9.6,100.0
10.3,100.0
10.4,100.0
9.88,100.0
10.9,75.0
10.3,100.0
10.5,100.0
10.8,100.0
9.69,100.0
10.1,100.0
9.72,100.0
9.7,100.0
10.2,75.0
11.3,75.0
16.6,100.0
17.6,100.0
15.9,100.0
16.1,100.0
16.7,100.0
15.6,75.0
16.3,100.0
15.6,100.0
16.8,100.0
17.4,100.0
16.6,100.0
16.6,100.0
17.4,100.0
17.1,100.0
16.4,100.0
15.6,75.0
21.0,100.0
22.5,75.0
21.8,100.0
21.0,100.0
21.1,75.0
20.6,100.0
21.1,100.0
22.1,75.0
22.3,100.0
22.5,100.0
21.5,100.0
21.8,100.0
20.3,100.0
21.1,100.0
20.9,100.0
20.5,100.0
21.6,100.0
22.2,100.0
21.4,100.0
20.8,100.0
21.2,100.0
20.5,100.0
21.5,100.0
21.5,100.0
22.0,100.0
20.3,100.0
20.6,75.0
21.1,100.0
21.9,75.0
20.8,75.0
21.4,75.0
21.9,100.0
21.0,100.0
20.9,75.0
21.3,100.0
21.2,100.0
21.1,100.0
22.3,100.0
20.8,100.0
22.5,100.0
21.0,100.0
21.6,100.0
22.3,100.0
21.3,100.0
21.3,100.0
21.0,100.0
22.4,100.0
21.5,100.0
19.8,100.0
21.0,100.0
21.6,100.0
21.2,100.0
20.6,100.0
21.2,100.0
21.1,100.0
21.3,100.0
19.8,100.0
20.8,100.0
21.0,100.0
21.3,100.0
20.6,100.0
20.4,100.0
21.2,75.0
20.3,100.0
20.2,100.0
